-- phpMyAdmin SQL Dump
-- version 4.8.3
-- https://www.phpmyadmin.net/
--
-- Хост: 127.0.0.1
-- Время создания: Дек 12 2018 г., 19:05
-- Версия сервера: 10.1.37-MariaDB
-- Версия PHP: 7.2.12

SET SQL_MODE = "NO_AUTO_VALUE_ON_ZERO";
SET AUTOCOMMIT = 0;
START TRANSACTION;
SET time_zone = "+00:00";


/*!40101 SET @OLD_CHARACTER_SET_CLIENT=@@CHARACTER_SET_CLIENT */;
/*!40101 SET @OLD_CHARACTER_SET_RESULTS=@@CHARACTER_SET_RESULTS */;
/*!40101 SET @OLD_COLLATION_CONNECTION=@@COLLATION_CONNECTION */;
/*!40101 SET NAMES utf8mb4 */;

--
-- База данных: `accountisu`
--

-- --------------------------------------------------------

--
-- Структура таблицы `directions`
--

CREATE TABLE `directions` (
  `id` int(4) NOT NULL,
  `code` text CHARACTER SET utf8 NOT NULL,
  `direction` text CHARACTER SET utf8 NOT NULL
) ENGINE=InnoDB DEFAULT CHARSET=latin1;

--
-- Дамп данных таблицы `directions`
--

INSERT INTO `directions` (`id`, `code`, `direction`) VALUES
(1, '09.03.03', 'Прикладная информатика'),
(2, '02.03.02', 'Фундаментальная информатика и информационные технологии');

-- --------------------------------------------------------

--
-- Структура таблицы `dis`
--

CREATE TABLE `dis` (
  `id` int(7) NOT NULL,
  `year` int(4) NOT NULL,
  `dir_id` int(4) NOT NULL,
  `dis` text CHARACTER SET utf8 NOT NULL,
  `choise` int(3) NOT NULL,
  `sem` int(3) NOT NULL,
  `lek` float NOT NULL,
  `pr` float NOT NULL,
  `lab` float NOT NULL,
  `control` text CHARACTER SET utf8 NOT NULL
) ENGINE=InnoDB DEFAULT CHARSET=latin1;

--
-- Дамп данных таблицы `dis`
--

INSERT INTO `dis` (`id`, `year`, `dir_id`, `dis`, `choise`, `sem`, `lek`, `pr`, `lab`, `control`) VALUES
(1098, 2016, 1, 'Иностранный язык', 0, 1, 0, 1, 0, 'Зач'),
(1099, 2016, 1, 'Иностранный язык', 0, 2, 0, 1, 0, 'Экз'),
(1100, 2016, 1, 'История', 0, 1, 0.5, 1, 0, 'Экз'),
(1101, 2016, 1, 'Философия', 0, 7, 1, 0, 0, 'Зач'),
(1102, 2016, 1, 'Русский язык и культура речи', 0, 2, 1, 1, 0, 'Экз'),
(1103, 2016, 1, 'Правоведение', 0, 4, 1, 0, 0, 'Зач'),
(1104, 2016, 1, 'Безопасность жизнедеятельности', 0, 3, 1, 0, 0, 'Зач'),
(1105, 2016, 1, 'Математический анализ', 0, 1, 1, 2, 0, 'ЗачО'),
(1106, 2016, 1, 'Математический анализ', 0, 2, 1, 2, 0, 'Экз'),
(1107, 2016, 1, 'Математический анализ', 0, 3, 1, 2, 0, 'Экз'),
(1108, 2016, 1, 'Дифференциальные уравнения', 0, 4, 1, 1, 0, 'Экз'),
(1109, 2016, 1, 'Теория вероятностей и математическая статистика', 0, 5, 1, 1, 0, 'Экз'),
(1110, 2016, 1, 'Дискретная математика', 0, 3, 1, 1, 0, 'Зач'),
(1111, 2016, 1, 'Дискретная математика', 0, 4, 1, 1, 0, 'Экз'),
(1112, 2016, 1, 'Теория систем и системный анализ', 0, 6, 0.5, 1, 0, 'Зач'),
(1113, 2016, 1, 'Физика', 0, 8, 1, 1, 1, 'ЗачО'),
(1114, 2016, 1, 'Информатика', 0, 1, 1, 0.5, 1, 'Экз'),
(1115, 2016, 1, 'Информатика', 0, 2, 1, 0, 1, 'Экз'),
(1116, 2016, 1, 'Операционные системы', 0, 4, 0.5, 0, 1, 'ЗачО'),
(1117, 2016, 1, 'Информационные системы и технологии', 0, 4, 1, 0, 1, 'Экз'),
(1118, 2016, 1, 'Базы данных', 0, 3, 1, 0, 1, 'Экз'),
(1119, 2016, 1, 'Проектирование информационных систем', 0, 5, 1, 0, 1, 'Зач'),
(1120, 2016, 1, 'Проектирование информационных систем', 0, 6, 1, 0, 1, 'Экз'),
(1121, 2016, 1, 'Экономика', 0, 7, 1, 1, 0, 'Экз'),
(1122, 2016, 1, 'Проектный практикум', 0, 7, 1, 0, 1, 'Экз'),
(1123, 2016, 1, 'Вычислительные системы и компьютерные сети', 0, 3, 1, 0, 1, 'Экз'),
(1124, 2016, 1, 'Основы разработки прикладных решений в системе 1С Предприятие', 0, 5, 0, 1, 1, 'Экз'),
(1125, 2016, 1, 'Информационная безопасность', 0, 5, 1, 0, 1, 'Экз'),
(1126, 2016, 1, 'Информационная безопасность', 0, 6, 1, 0, 1, 'Экз'),
(1127, 2016, 1, 'Физическая культура и спорт', 0, 1, 0.5, 0, 0, 'Зач'),
(1128, 2016, 1, 'Физическая культура и спорт', 0, 2, 0.5, 0, 0, 'Зач'),
(1129, 2016, 1, 'Управление информатизацией предприятия', 0, 8, 2, 0, 2, 'ЗачО'),
(1130, 2016, 1, 'Математическое моделирование', 0, 5, 1, 1, 0, 'Экз'),
(1131, 2016, 1, 'Разработка Web-приложений', 0, 5, 0, 1, 1, 'Экз'),
(1132, 2016, 1, 'Алгоритмы и вычислимость', 0, 8, 1, 1, 0, 'Зач'),
(1133, 2016, 1, 'Компьютерная типографика', 0, 2, 0, 0, 1, 'Зач'),
(1134, 2016, 1, 'Пакеты компьютерной математики', 0, 3, 0, 0, 1, 'Зач'),
(1135, 2016, 1, 'Web-технологии', 0, 2, 0, 0, 2, 'ЗачО'),
(1136, 2016, 1, 'Компьютерная графика', 0, 1, 0, 0, 2, 'ЗачО'),
(1137, 2016, 1, 'Интеллектуальные системы', 0, 7, 1, 0, 1, 'Зач'),
(1138, 2016, 1, 'Интеллектуальные системы', 0, 8, 1, 0, 1, 'Экз'),
(1139, 2016, 1, 'Языки программирования', 0, 3, 1, 0, 1, 'ЗачО'),
(1140, 2016, 1, 'Языки программирования', 0, 4, 1, 0, 1, 'Экз'),
(1141, 2016, 1, 'Открытые системы', 0, 7, 0, 1, 1, 'Экз'),
(1142, 2016, 1, 'Мультимедийные технологии', 0, 3, 0, 1, 0, 'Зач'),
(1143, 2016, 1, 'Мультимедийные технологии', 0, 4, 0, 1, 0, 'ЗачО'),
(1144, 2016, 1, 'Геометрия', 0, 1, 1, 1, 0, 'Экз'),
(1145, 2016, 1, 'Алгебра', 0, 1, 1, 1, 0, 'Экз'),
(1146, 2016, 1, 'Алгебра', 0, 2, 1, 1, 0, 'Экз'),
(1147, 2016, 1, 'Эконометрика', 0, 6, 1, 1, 0, 'Экз'),
(1148, 2016, 1, 'Математическая логика', 0, 3, 1, 1, 0, 'Экз'),
(1149, 2016, 1, 'Основы научных исследований', 0, 7, 0.5, 1, 0, 'Зач'),
(1150, 2016, 1, 'Введение в Data Mining', 0, 6, 0.5, 1, 0, 'Экз'),
(1151, 2016, 1, 'Элективные курсы по физической культуре и спорту', 0, 1, 0, 1.5, 0, 'Зач'),
(1152, 2016, 1, 'Элективные курсы по физической культуре и спорту', 0, 2, 0, 1.5, 0, 'Зач'),
(1153, 2016, 1, 'Элективные курсы по физической культуре и спорту', 0, 3, 0, 2, 0, 'Зач'),
(1154, 2016, 1, 'Элективные курсы по физической культуре и спорту', 0, 4, 0, 2, 0, 'Зач'),
(1155, 2016, 1, 'Элективные курсы по физической культуре и спорту', 0, 5, 0, 1, 0, 'Зач'),
(1156, 2016, 1, 'Элективные курсы по физической культуре и спорту', 0, 6, 0, 1, 0, 'Зач'),
(1157, 2016, 1, 'Элективные курсы по физической культуре и спорту', 0, 7, 0, 1, 0, 'Зач'),
(1158, 2016, 1, 'Технологии программирования', 1, 4, 0, 1, 1, 'Экз'),
(1159, 2016, 1, 'Олимпиадные задачи по программированию', 1, 4, 0, 1, 1, 'Экз'),
(1160, 2016, 1, 'Программирование для мобильных платформ', 1, 5, 0, 1, 1, 'Зач'),
(1161, 2016, 1, 'Квантовые вычисления', 1, 5, 0, 1, 1, 'Зач'),
(1162, 2016, 1, 'Помехоустойчивое кодирование', 1, 6, 0.5, 1, 0, 'Экз'),
(1163, 2016, 1, 'Алгоритмы и анализ сложности', 1, 6, 0.5, 1, 0, 'Экз'),
(1164, 2016, 1, 'Современные технологии программирования', 1, 7, 0, 1, 1, 'Экз'),
(1165, 2016, 1, 'Алгоритмы на графах', 1, 7, 0, 1, 1, 'Экз'),
(1166, 2016, 1, 'Педагогика и психология', 1, 7, 1, 0, 0, 'Зач'),
(1167, 2016, 1, 'Современные технологии обучения', 1, 7, 1, 0, 0, 'Зач'),
(1168, 2016, 1, 'Медицинские информационные системы', 1, 8, 1, 1, 0, 'Экз'),
(1169, 2016, 1, 'Компьютерное зрение', 1, 8, 1, 1, 0, 'Экз'),
(1170, 2016, 1, 'Менеджмент в IT-сфере', 1, 8, 1, 0, 1, 'Экз'),
(1171, 2016, 1, 'Маркетинг в IT-сфере', 1, 8, 1, 0, 1, 'Экз'),
(1172, 2016, 1, 'Информационные технологии в прогнозировании экономических процессов', 1, 8, 1, 1, 0, 'Зач'),
(1173, 2016, 1, 'Алгоритмы для Интернет', 1, 8, 1, 1, 0, 'Зач'),
(1174, 2016, 1, 'Компьютерные издательские системы', 1, 6, 1, 0, 1, 'Зач'),
(1175, 2016, 1, 'Теория информации', 1, 6, 1, 0, 1, 'Зач'),
(1176, 2016, 1, 'Командообразование и методы групповой работы', 2, 7, 0, 1, 0, 'Зач'),
(1177, 2016, 1, 'Технологии разработки REST-приложений', 2, 7, 0, 0, 1, 'Зач'),
(1255, 2015, 1, 'Иностранный язык', 0, 1, 0, 1, 0, 'Зач'),
(1256, 2015, 1, 'Иностранный язык', 0, 2, 0, 1, 0, 'Экз'),
(1257, 2015, 1, 'История', 0, 1, 0.5, 1, 0, 'Экз'),
(1258, 2015, 1, 'Философия', 0, 7, 1, 0, 0, 'Зач'),
(1259, 2015, 1, 'Русский язык и культура речи', 0, 2, 1, 1, 0, 'Экз'),
(1260, 2015, 1, 'Правоведение', 0, 4, 1, 0, 0, 'Зач'),
(1261, 2015, 1, 'Безопасность жизнедеятельности', 0, 3, 1, 0, 0, 'Зач'),
(1262, 2015, 1, 'Математический анализ', 0, 1, 1, 2, 0, 'ЗачО'),
(1263, 2015, 1, 'Математический анализ', 0, 2, 1, 2, 0, 'Экз'),
(1264, 2015, 1, 'Математический анализ', 0, 3, 1, 2, 0, 'Экз'),
(1265, 2015, 1, 'Дифференциальные уравнения', 0, 4, 1, 1, 0, 'Экз'),
(1266, 2015, 1, 'Теория вероятностей и математическая статистика', 0, 5, 1, 1, 0, 'Экз'),
(1267, 2015, 1, 'Дискретная математика', 0, 3, 1, 1, 0, 'Зач'),
(1268, 2015, 1, 'Дискретная математика', 0, 4, 1, 1, 0, 'Экз'),
(1269, 2015, 1, 'Теория систем и системный анализ', 0, 6, 0.5, 1, 0, 'Зач'),
(1270, 2015, 1, 'Физика', 0, 8, 1, 1, 1, 'ЗачО'),
(1271, 2015, 1, 'Информатика', 0, 1, 1, 0.5, 1, 'Экз'),
(1272, 2015, 1, 'Информатика', 0, 2, 1, 0, 1, 'Экз'),
(1273, 2015, 1, 'Операционные системы', 0, 4, 0.5, 0, 1, 'ЗачО'),
(1274, 2015, 1, 'Информационные системы и технологии', 0, 4, 1, 0, 1, 'Экз'),
(1275, 2015, 1, 'Базы данных', 0, 3, 1, 0, 1, 'Экз'),
(1276, 2015, 1, 'Проектирование информационных систем', 0, 5, 1, 0, 1, 'Зач'),
(1277, 2015, 1, 'Проектирование информационных систем', 0, 6, 1, 0, 1, 'Экз'),
(1278, 2015, 1, 'Экономика', 0, 7, 1, 1, 0, 'Экз'),
(1279, 2015, 1, 'Проектный практикум', 0, 7, 1, 0, 1, 'Экз'),
(1280, 2015, 1, 'Вычислительные системы и компьютерные сети', 0, 3, 1, 0, 1, 'Экз'),
(1281, 2015, 1, 'Основы разработки прикладных решений в системе 1С Предприятие', 0, 5, 0, 1, 1, 'Экз'),
(1282, 2015, 1, 'Информационная безопасность', 0, 5, 1, 0, 1, 'Экз'),
(1283, 2015, 1, 'Информационная безопасность', 0, 6, 1, 0, 1, 'Экз'),
(1284, 2015, 1, 'Физическая культура и спорт', 0, 1, 0.5, 0, 0, 'Зач'),
(1285, 2015, 1, 'Физическая культура и спорт', 0, 2, 0.5, 0, 0, 'Зач'),
(1286, 2015, 1, 'Управление информатизацией предприятия', 0, 8, 1.5, 0, 1.5, 'ЗачО'),
(1287, 2015, 1, 'Математическое моделирование', 0, 5, 1, 1, 0, 'Экз'),
(1288, 2015, 1, 'Разработка Web-приложений', 0, 5, 0, 1, 1, 'Экз'),
(1289, 2015, 1, 'Алгоритмы и вычислимость', 0, 8, 1, 1, 0, 'Зач'),
(1290, 2015, 1, 'Компьютерная типографика', 0, 2, 0, 0, 1, 'Зач'),
(1291, 2015, 1, 'Пакеты компьютерной математики', 0, 3, 0, 0, 1, 'Зач'),
(1292, 2015, 1, 'Web-технологии', 0, 2, 0, 0, 2, 'ЗачО'),
(1293, 2015, 1, 'Компьютерная графика', 0, 1, 0, 0, 2, 'ЗачО'),
(1294, 2015, 1, 'Интеллектуальные системы', 0, 7, 1, 0, 1, 'Зач'),
(1295, 2015, 1, 'Интеллектуальные системы', 0, 8, 1, 0, 1, 'Экз'),
(1296, 2015, 1, 'Языки программирования', 0, 3, 1, 0, 1, 'ЗачО'),
(1297, 2015, 1, 'Языки программирования', 0, 4, 1, 0, 1, 'Экз'),
(1298, 2015, 1, 'Открытые системы', 0, 7, 0, 1, 1, 'Экз'),
(1299, 2015, 1, 'Мультимедийные технологии', 0, 3, 0, 1, 0, 'Зач'),
(1300, 2015, 1, 'Мультимедийные технологии', 0, 4, 0, 1, 0, 'ЗачО'),
(1301, 2015, 1, 'Геометрия', 0, 1, 1, 1, 0, 'Экз'),
(1302, 2015, 1, 'Алгебра', 0, 1, 1, 1, 0, 'Экз'),
(1303, 2015, 1, 'Алгебра', 0, 2, 1, 1, 0, 'Экз'),
(1304, 2015, 1, 'Эконометрика', 0, 6, 1, 1, 0, 'Зач'),
(1305, 2015, 1, 'Математическая логика', 0, 3, 1, 1, 0, 'Экз'),
(1306, 2015, 1, 'Основы научных исследований', 0, 7, 0.5, 1, 0, 'Зач'),
(1307, 2015, 1, 'Введение в Data Mining', 0, 6, 0.5, 1, 0, 'Экз'),
(1308, 2015, 1, 'Элективные курсы по физической культуре и спорту', 0, 1, 0, 1.5, 0, 'Зач'),
(1309, 2015, 1, 'Элективные курсы по физической культуре и спорту', 0, 2, 0, 1.5, 0, 'Зач'),
(1310, 2015, 1, 'Элективные курсы по физической культуре и спорту', 0, 3, 0, 2, 0, 'Зач'),
(1311, 2015, 1, 'Элективные курсы по физической культуре и спорту', 0, 4, 0, 2, 0, 'Зач'),
(1312, 2015, 1, 'Элективные курсы по физической культуре и спорту', 0, 5, 0, 1, 0, 'Зач'),
(1313, 2015, 1, 'Элективные курсы по физической культуре и спорту', 0, 6, 0, 1, 0, 'Зач'),
(1314, 2015, 1, 'Элективные курсы по физической культуре и спорту', 0, 7, 0, 1, 0, 'Зач'),
(1315, 2015, 1, 'Технологии программирования', 1, 4, 0, 1, 1, 'Экз'),
(1316, 2015, 1, 'Олимпиадные задачи по программированию', 1, 4, 0, 1, 1, 'Экз'),
(1317, 2015, 1, 'Программирование для мобильных платформ', 1, 5, 0, 1, 1, 'Зач'),
(1318, 2015, 1, 'Квантовые вычисления', 1, 5, 0, 1, 1, 'Зач'),
(1319, 2015, 1, 'Помехоустойчивое кодирование', 1, 6, 0.5, 1, 0, 'Экз'),
(1320, 2015, 1, 'Алгоритмы и анализ сложности', 1, 6, 0.5, 1, 0, 'Экз'),
(1321, 2015, 1, 'Современные технологии программирования', 1, 7, 0, 1, 1, 'Экз'),
(1322, 2015, 1, 'Алгоритмы на графах', 1, 7, 0, 1, 1, 'Экз'),
(1323, 2015, 1, 'Педагогика и психология', 1, 7, 1, 0, 0, 'Зач'),
(1324, 2015, 1, 'Современные технологии обучения', 1, 7, 1, 0, 0, 'Зач'),
(1325, 2015, 1, 'Медицинские информационные системы', 1, 8, 1, 1, 0, 'Экз'),
(1326, 2015, 1, 'Компьютерное зрение', 1, 8, 1, 1, 0, 'Экз'),
(1327, 2015, 1, 'Менеджмент в IT-сфере', 1, 8, 1, 0, 1, 'Экз'),
(1328, 2015, 1, 'Маркетинг в IT-сфере', 1, 8, 1, 0, 1, 'Экз'),
(1329, 2015, 1, 'Информационные технологии в прогнозировании экономических процессов', 1, 8, 1, 1, 0, 'Зач'),
(1330, 2015, 1, 'Алгоритмы для Интернет', 1, 8, 1, 1, 0, 'Зач'),
(1331, 2015, 1, 'Компьютерные издательские системы', 1, 6, 1, 0, 1, 'Зач'),
(1332, 2015, 1, 'Теория информации', 1, 6, 1, 0, 1, 'Зач'),
(1333, 2015, 1, 'Командообразование и методы групповой работы', 2, 7, 0, 1, 0, 'Зач'),
(1334, 2015, 1, 'Технологии разработки REST-приложений', 2, 7, 0, 0, 1, 'Зач'),
(1335, 2016, 2, 'Иностранный язык', 0, 1, 0, 2, 0, 'Зач'),
(1336, 2016, 2, 'Иностранный язык', 0, 2, 0, 2, 0, 'Зач'),
(1337, 2016, 2, 'Иностранный язык', 0, 3, 0, 2, 0, 'Зач'),
(1338, 2016, 2, 'Иностранный язык', 0, 4, 0, 2, 0, 'Экз'),
(1339, 2016, 2, 'История', 0, 1, 0.5, 1, 0, 'Зач'),
(1340, 2016, 2, 'Философия', 0, 7, 1, 0, 0, 'Зач'),
(1341, 2016, 2, 'Русский язык и культура речи', 0, 2, 1, 1, 0, 'Экз'),
(1342, 2016, 2, 'Правоведение', 0, 4, 1, 0, 0, 'Зач'),
(1343, 2016, 2, 'Безопасность жизнедеятельности', 0, 3, 1, 0, 0, 'Зач'),
(1344, 2016, 2, 'Математический анализ', 0, 1, 1, 2, 0, 'Экз'),
(1345, 2016, 2, 'Математический анализ', 0, 2, 1, 2, 0, 'Экз'),
(1346, 2016, 2, 'Математический анализ', 0, 3, 1, 2, 0, 'Экз'),
(1347, 2016, 2, 'Дифференциальные уравнения', 0, 4, 1, 1, 0, 'Экз'),
(1348, 2016, 2, 'Алгебра', 0, 1, 1, 1, 0, 'Экз'),
(1349, 2016, 2, 'Алгебра', 0, 2, 1, 1, 0, 'Экз'),
(1350, 2016, 2, 'Геометрия', 0, 1, 1, 2, 0, 'Экз'),
(1351, 2016, 2, 'Математическая экономика', 0, 7, 1, 1, 0, 'Экз'),
(1352, 2016, 2, 'Математическая логика', 0, 3, 1, 1, 0, 'Экз'),
(1353, 2016, 2, 'Теория вероятностей и математическая статистика', 0, 5, 1, 1, 0, 'Экз'),
(1354, 2016, 2, 'Методы вычислений', 0, 5, 1, 1, 0, 'Экз'),
(1355, 2016, 2, 'Методы оптимизации и исследование операций', 0, 6, 1, 1, 0, 'Экз'),
(1356, 2016, 2, 'Физика', 0, 6, 1, 1, 0.5, 'Экз'),
(1357, 2016, 2, 'Информатика и программирование', 0, 1, 1, 0, 1, 'Экз'),
(1358, 2016, 2, 'Информатика и программирование', 0, 2, 0.5, 0.5, 1, 'Экз'),
(1359, 2016, 2, 'Языки программирования', 0, 7, 1, 0, 1, 'Экз'),
(1360, 2016, 2, 'Вычислительные системы, сети и телекоммуникации', 0, 3, 0.5, 0, 1, 'Экз'),
(1361, 2016, 2, 'Операционные системы', 0, 4, 0.5, 0, 1, 'Зач'),
(1362, 2016, 2, 'Базы данных', 0, 3, 1, 0, 1, 'Экз'),
(1363, 2016, 2, 'Педагогика и психология', 0, 7, 1, 0, 0, 'Зач'),
(1364, 2016, 2, 'Физическая культура и спорт', 0, 1, 0.5, 0, 0, 'Зач'),
(1365, 2016, 2, 'Физическая культура и спорт', 0, 2, 0.5, 0, 0, 'Зач'),
(1366, 2016, 2, 'Дискретная математика', 0, 3, 1, 1, 0, 'Экз'),
(1367, 2016, 2, 'Дискретная математика', 0, 4, 1, 1, 0, 'Экз'),
(1368, 2016, 2, 'История информатики и математики', 0, 8, 0, 1, 0, 'Зач'),
(1369, 2016, 2, 'Теория графов', 0, 7, 1, 1, 0, 'Экз'),
(1370, 2016, 2, 'Введение в информационный поиск', 0, 5, 0.5, 0.5, 1, 'ЗачО'),
(1371, 2016, 2, 'Теория чисел и ее приложения', 0, 6, 1, 1, 0, 'Экз'),
(1372, 2016, 2, 'Теория булевых функций', 0, 5, 0.5, 1, 0.5, 'Экз'),
(1373, 2016, 2, 'Компьютерные издательские системы', 0, 8, 1, 0, 1, 'Зач'),
(1374, 2016, 2, 'Синтез и сложность схем', 0, 6, 0.5, 2, 0, 'ЗачО'),
(1375, 2016, 2, 'Экспертные системы', 0, 8, 1, 0, 1, 'Зач'),
(1376, 2016, 2, 'Информационная безопасность', 0, 8, 1, 0, 1, 'Экз'),
(1377, 2016, 2, 'Информационные системы', 0, 6, 0.5, 0.5, 1, 'Экз'),
(1378, 2016, 2, 'Теория автоматов и формальных языков', 0, 5, 1, 1, 0, 'Экз'),
(1379, 2016, 2, 'Системное и прикладное программное обеспечение', 0, 2, 0.5, 0, 0.5, 'ЗачО'),
(1380, 2016, 2, 'Практикум по программированию', 0, 1, 0, 0, 1, 'ЗачО'),
(1381, 2016, 2, 'Web-технологии', 0, 2, 0, 0, 2, 'Экз'),
(1382, 2016, 2, 'Компьютерная графика', 0, 2, 0, 0, 1, 'ЗачО'),
(1383, 2016, 2, 'Интеллектуальные системы', 0, 7, 0.5, 0.5, 1, 'Экз'),
(1384, 2016, 2, 'Алгебраические системы', 0, 4, 1, 1, 0, 'Экз'),
(1385, 2016, 2, 'Элективные курсы по физической культуре и спорту', 0, 1, 0, 1.5, 0, 'Зач'),
(1386, 2016, 2, 'Элективные курсы по физической культуре и спорту', 0, 2, 0, 1.5, 0, 'Зач'),
(1387, 2016, 2, 'Элективные курсы по физической культуре и спорту', 0, 3, 0, 2, 0, 'Зач'),
(1388, 2016, 2, 'Элективные курсы по физической культуре и спорту', 0, 4, 0, 2, 0, 'Зач'),
(1389, 2016, 2, 'Элективные курсы по физической культуре и спорту', 0, 5, 0, 1, 0, 'Зач'),
(1390, 2016, 2, 'Элективные курсы по физической культуре и спорту', 0, 6, 0, 1, 0, 'Зач'),
(1391, 2016, 2, 'Элективные курсы по физической культуре и спорту', 0, 7, 0, 1, 0, 'Зач'),
(1392, 2016, 2, 'Мультипарадигменное программирование', 1, 4, 0, 1, 0, 'Зач'),
(1393, 2016, 2, 'Технологии программирования', 1, 4, 0, 1, 0, 'Зач'),
(1394, 2016, 2, 'Пакеты компьютерной математики', 1, 4, 0, 0, 2, 'ЗачО'),
(1395, 2016, 2, 'Языки и системы программирования', 1, 4, 0, 0, 2, 'ЗачО'),
(1396, 2016, 2, 'Правовые основы бизнеса', 1, 4, 0, 1, 0, 'Экз'),
(1397, 2016, 2, 'Правовые аспекты информационной сферы', 1, 4, 0, 1, 0, 'Экз'),
(1398, 2016, 2, 'Теория информации', 1, 7, 0.5, 1, 0, 'Экз'),
(1399, 2016, 2, 'Функциональные системы', 1, 7, 0.5, 1, 0, 'Экз'),
(1400, 2016, 2, 'Квантовые алгоритмы', 1, 7, 0.5, 0.5, 0, 'ЗачО'),
(1401, 2016, 2, 'Алгоритмы в математике', 1, 7, 0.5, 0.5, 0, 'ЗачО'),
(1402, 2016, 2, 'Программирование на платформе 1С:Предприятие', 1, 5, 0, 1, 1, 'Экз'),
(1403, 2016, 2, 'Программирование для мобильных платформ', 1, 5, 0, 1, 1, 'Экз'),
(1404, 2016, 2, 'Функциональное программирование', 1, 6, 0, 1, 1, 'Экз'),
(1405, 2016, 2, 'Параллельное программирование', 1, 6, 0, 1, 1, 'Экз'),
(1406, 2016, 2, 'Современные технологии программирования', 1, 7, 0, 1, 1, 'Зач'),
(1407, 2016, 2, 'Мультимедиа технологии', 1, 7, 0, 1, 1, 'Зач'),
(1408, 2016, 2, 'Логическое программирование', 1, 8, 2, 0, 2, 'ЗачО'),
(1409, 2016, 2, 'Алгоритмы трехмерной графики', 1, 8, 2, 0, 2, 'ЗачО'),
(1410, 2016, 2, 'Командообразование и методы групповой работы', 2, 8, 0, 1, 0, 'Зач'),
(1411, 2016, 2, 'Технологии разработки REST-приложений', 2, 8, 0, 0, 1, 'Зач');

-- --------------------------------------------------------

--
-- Структура таблицы `groups`
--

CREATE TABLE `groups` (
  `id` int(10) NOT NULL,
  `dir_id` int(10) NOT NULL,
  `year` int(4) NOT NULL,
  `name` varchar(100) CHARACTER SET utf8 NOT NULL
) ENGINE=InnoDB DEFAULT CHARSET=latin1;

--
-- Дамп данных таблицы `groups`
--

INSERT INTO `groups` (`id`, `dir_id`, `year`, `name`) VALUES
(1, 1, 2016, '02361ДБ'),
(2, 2, 2016, '02371ДБ'),
(3, 1, 2017, '02261ДБ'),
(4, 2, 2017, '02271ДБ'),
(5, 1, 2018, '02161ДБ'),
(6, 2, 2018, '02171ДБ'),
(7, 1, 2015, '02461ДБ');

-- --------------------------------------------------------

--
-- Структура таблицы `marks`
--

CREATE TABLE `marks` (
  `id` int(10) NOT NULL,
  `user_id` int(10) NOT NULL,
  `dis_id` int(10) NOT NULL,
  `mark` varchar(50) CHARACTER SET utf8 NOT NULL,
  `balls` int(5) NOT NULL
) ENGINE=InnoDB DEFAULT CHARSET=latin1;

--
-- Дамп данных таблицы `marks`
--

INSERT INTO `marks` (`id`, `user_id`, `dis_id`, `mark`, `balls`) VALUES
(2, 3, 1109, '5', 85),
(3, 2, 1109, '5', 85),
(4, 1, 1109, '5', 85),
(5, 6, 1109, '5', 90),
(6, 6, 1119, 'Зач', 96),
(7, 6, 1124, '5', 95),
(8, 6, 1098, '5', 96);

-- --------------------------------------------------------

--
-- Структура таблицы `notices`
--

CREATE TABLE `notices` (
  `id` int(10) NOT NULL,
  `user_id` int(10) NOT NULL,
  `text` varchar(2000) CHARACTER SET utf8 NOT NULL,
  `time` varchar(100) CHARACTER SET utf8 NOT NULL,
  `audit` varchar(10) CHARACTER SET utf8 DEFAULT NULL
) ENGINE=InnoDB DEFAULT CHARSET=latin1;

--
-- Дамп данных таблицы `notices`
--

INSERT INTO `notices` (`id`, `user_id`, `text`, `time`, `audit`) VALUES
(12, 5, 'Это система для студентов', '2018-12-12 01:26', 'all'),
(13, 5, 'Это объявление для групп 2361, 2371, 2461', '2018-12-12 01:30', NULL),
(19, 5, 'Осталось 3 экзамена, 2361', '2018-12-12 21:13', NULL),
(20, 8, 'Уже поздно', '2018-12-13 00:21', 'all'),
(34, 5, 'Здравствуйте. Сегодня 13 декабря\n', '2018-12-13 02:03', 'all');

-- --------------------------------------------------------

--
-- Структура таблицы `not_aud`
--

CREATE TABLE `not_aud` (
  `id` int(10) NOT NULL,
  `not_id` int(10) NOT NULL,
  `group_id` int(10) NOT NULL
) ENGINE=InnoDB DEFAULT CHARSET=latin1;

--
-- Дамп данных таблицы `not_aud`
--

INSERT INTO `not_aud` (`id`, `not_id`, `group_id`) VALUES
(1, 13, 1),
(2, 13, 2),
(3, 13, 7),
(4, 15, 1),
(5, 19, 1);

-- --------------------------------------------------------

--
-- Структура таблицы `users`
--

CREATE TABLE `users` (
  `id` int(11) NOT NULL,
  `name` varchar(70) CHARACTER SET utf8 NOT NULL,
  `surname` varchar(70) CHARACTER SET utf8 NOT NULL,
  `lastname` varchar(70) CHARACTER SET utf8 NOT NULL,
  `birthday` date NOT NULL,
  `username` varchar(70) CHARACTER SET utf8 NOT NULL,
  `password` varchar(50) CHARACTER SET utf8 NOT NULL,
  `role` varchar(50) CHARACTER SET utf8 NOT NULL,
  `group_id` int(10) DEFAULT NULL
) ENGINE=InnoDB DEFAULT CHARSET=latin1;

--
-- Дамп данных таблицы `users`
--

INSERT INTO `users` (`id`, `name`, `surname`, `lastname`, `birthday`, `username`, `password`, `role`, `group_id`) VALUES
(1, 'Анастасия', 'Лавлинская', 'Александровна', '1998-05-15', 'lavlinskayaAA', 'z2e6a3r2', 'student', 1),
(2, 'Карина', 'Зверева', 'Дмитриевна', '1997-12-03', 'ZverevaKD', 'd8e7wk0s', 'student', 1),
(3, 'Дарья', 'Гаврилина', 'Эдуардовна', '1998-09-16', 'GavrilinaDE', 'd83k39u3j9', 'student', 1),
(4, 'Иванов', 'Иван', 'Иванович', '1976-10-12', 'IvanovII', 'd83khs03jd8', 'teacher', NULL),
(5, 'Админ', 'Админов', 'Админович', '1990-01-01', 'admin', 'admin', 'admin', NULL),
(6, 'Студент', 'Студентов', 'Студентович', '1998-01-01', 'student', '1', 'student', 1),
(7, 'Студент2371', 'Студентов', 'Студентович', '1998-01-01', 'student2', '2', 'student', 2),
(8, 'Учитель', 'Учителев', 'Учителевич', '1986-09-05', 'teacher', '1', 'teacher', NULL);

--
-- Индексы сохранённых таблиц
--

--
-- Индексы таблицы `directions`
--
ALTER TABLE `directions`
  ADD PRIMARY KEY (`id`);

--
-- Индексы таблицы `dis`
--
ALTER TABLE `dis`
  ADD PRIMARY KEY (`id`);

--
-- Индексы таблицы `groups`
--
ALTER TABLE `groups`
  ADD PRIMARY KEY (`id`);

--
-- Индексы таблицы `marks`
--
ALTER TABLE `marks`
  ADD PRIMARY KEY (`id`);

--
-- Индексы таблицы `notices`
--
ALTER TABLE `notices`
  ADD PRIMARY KEY (`id`);

--
-- Индексы таблицы `not_aud`
--
ALTER TABLE `not_aud`
  ADD PRIMARY KEY (`id`);

--
-- Индексы таблицы `users`
--
ALTER TABLE `users`
  ADD PRIMARY KEY (`id`);

--
-- AUTO_INCREMENT для сохранённых таблиц
--

--
-- AUTO_INCREMENT для таблицы `directions`
--
ALTER TABLE `directions`
  MODIFY `id` int(4) NOT NULL AUTO_INCREMENT, AUTO_INCREMENT=3;

--
-- AUTO_INCREMENT для таблицы `dis`
--
ALTER TABLE `dis`
  MODIFY `id` int(7) NOT NULL AUTO_INCREMENT, AUTO_INCREMENT=1412;

--
-- AUTO_INCREMENT для таблицы `groups`
--
ALTER TABLE `groups`
  MODIFY `id` int(10) NOT NULL AUTO_INCREMENT, AUTO_INCREMENT=8;

--
-- AUTO_INCREMENT для таблицы `marks`
--
ALTER TABLE `marks`
  MODIFY `id` int(10) NOT NULL AUTO_INCREMENT, AUTO_INCREMENT=9;

--
-- AUTO_INCREMENT для таблицы `notices`
--
ALTER TABLE `notices`
  MODIFY `id` int(10) NOT NULL AUTO_INCREMENT, AUTO_INCREMENT=36;

--
-- AUTO_INCREMENT для таблицы `not_aud`
--
ALTER TABLE `not_aud`
  MODIFY `id` int(10) NOT NULL AUTO_INCREMENT, AUTO_INCREMENT=6;

--
-- AUTO_INCREMENT для таблицы `users`
--
ALTER TABLE `users`
  MODIFY `id` int(11) NOT NULL AUTO_INCREMENT, AUTO_INCREMENT=9;
COMMIT;

/*!40101 SET CHARACTER_SET_CLIENT=@OLD_CHARACTER_SET_CLIENT */;
/*!40101 SET CHARACTER_SET_RESULTS=@OLD_CHARACTER_SET_RESULTS */;
/*!40101 SET COLLATION_CONNECTION=@OLD_COLLATION_CONNECTION */;
